Dry sand - Load to 45.20% strain then unload to 0 pressure,,,,,
Engineering,,,,,
volumetric,,,,,
strain,pressure,,,,
(%),(MPa),,,,Unload@45.20 strain
0,0,,,,
0.0249377,0.0413353,,,,
0.0498753,0.077522,,,,
0.074813,0.113727,,,,
0.0997506,0.14995,,,,
0.124688,0.186191,,,,
0.149626,0.22245,,,,
0.174564,0.258727,,,,
0.199501,0.295023,,,,
0.224439,0.331337,,,,
0.249377,0.36767,,,,
0.274314,0.404021,,,,
0.299252,0.44039,,,,
0.32419,0.476778,,,,
0.349127,0.513185,,,,
0.374065,0.549611,,,,
0.399002,0.586055,,,,
0.42394,0.622518,,,,
0.448878,0.659001,,,,
0.473815,0.695502,,,,
0.498753,0.732022,,,,
0.523691,0.768562,,,,
0.548628,0.805121,,,,
0.573566,0.841699,,,,
0.598504,0.878297,,,,
0.623441,0.914914,,,,
0.648379,0.951552,,,,
0.673317,0.988209,,,,
0.698254,1.02489,,,,
0.723192,1.06158,,,,
0.74813,1.0983,,,,
0.773067,1.13504,,,,
0.798005,1.17179,,,,
0.822943,1.20857,,,,
0.84788,1.24537,,,,
0.872818,1.28219,,,,
0.897756,1.31903,,,,
0.922693,1.35589,,,,
0.947631,1.39277,,,,
0.972569,1.42968,,,,
0.997506,1.4666,,,,
1.02244,1.50355,,,,
1.04738,1.54051,,,,
1.07232,1.5775,,,,
1.09726,1.61452,,,,
1.12219,1.65155,,,,
1.14713,1.6886,,,,
1.17207,1.72568,,,,
1.19701,1.76278,,,,
1.22195,1.7999,,,,
1.24688,1.83705,,,,
1.27182,1.87422,,,,
1.29676,1.91141,,,,
1.3217,1.94862,,,,
1.34663,1.98586,,,,
1.37157,2.02312,,,,
1.39651,2.06041,,,,
1.42145,2.09772,,,,
1.44638,2.13505,,,,
1.47132,2.17241,,,,
1.49626,2.20979,,,,
1.5212,2.24719,,,,
1.54613,2.28462,,,,
1.57107,2.32208,,,,
1.59601,2.35956,,,,
1.62095,2.39707,,,,
1.64589,2.4346,,,,
1.67082,2.47215,,,,
1.69576,2.50974,,,,
1.7207,2.54735,,,,
1.74564,2.58498,,,,
1.77057,2.62264,,,,
1.79551,2.66033,,,,
1.82045,2.69804,,,,
1.84539,2.73578,,,,
1.87032,2.77355,,,,
1.89526,2.81135,,,,
1.9202,2.84917,,,,
1.94514,2.88702,,,,
1.97007,2.9249,,,,
1.99501,2.96281,,,,
2.01995,3.00074,,,,
2.04489,3.03871,,,,
2.06983,3.0767,,,,
2.09476,3.11472,,,,
2.1197,3.15277,,,,
2.14464,3.19085,,,,
2.16958,3.22896,,,,
2.19451,3.2671,,,,
2.21945,3.30527,,,,
2.24439,3.34347,,,,
2.26933,3.38171,,,,
2.29426,3.41997,,,,
2.3192,3.45826,,,,
2.34414,3.49658,,,,
2.36908,3.53494,,,,
2.39402,3.57333,,,,
2.41895,3.61175,,,,
2.44389,3.6502,,,,
2.46883,3.68868,,,,
2.49377,3.7272,,,,
2.5187,3.76575,,,,
2.54364,3.80434,,,,
2.56858,3.84295,,,,
2.59352,3.8816,,,,
2.61845,3.92029,,,,
2.64339,3.95901,,,,
2.66833,3.99776,,,,
2.69327,4.03655,,,,
2.7182,4.07537,,,,
2.74314,4.11423,,,,
2.76808,4.15313,,,,
2.79302,4.19206,,,,
2.81796,4.23103,,,,
2.84289,4.27003,,,,
2.86783,4.30907,,,,
2.89277,4.34815,,,,
2.91771,4.38726,,,,
2.94264,4.42641,,,,
2.96758,4.4656,,,,
2.99252,4.50483,,,,
3.01746,4.5441,,,,
3.04239,4.5834,,,,
3.06733,4.62275,,,,
3.09227,4.66213,,,,
3.11721,4.70156,,,,
3.14214,4.74102,,,,
3.16708,4.78052,,,,
3.19202,4.82007,,,,
3.21696,4.85965,,,,
3.2419,4.89928,,,,
3.26683,4.93895,,,,
3.29177,4.97866,,,,
3.31671,5.01841,,,,
3.34165,5.0582,,,,
3.36658,5.09804,,,,
3.39152,5.13792,,,,
3.41646,5.17785,,,,
3.4414,5.21781,,,,
3.46633,5.25783,,,,
3.49127,5.29788,,,,
3.51621,5.33798,,,,
3.54115,5.37813,,,,
3.56608,5.41832,,,,
3.59102,5.45856,,,,
3.61596,5.49884,,,,
3.6409,5.53917,,,,
3.66584,5.57955,,,,
3.69077,5.61997,,,,
3.71571,5.66045,,,,
3.74065,5.70097,,,,
3.76559,5.74153,,,,
3.79052,5.78215,,,,
3.81546,5.82281,,,,
3.8404,5.86353,,,,
3.86534,5.90429,,,,
3.89027,5.94511,,,,
3.91521,5.98597,,,,
3.94015,6.02689,,,,
3.96509,6.06786,,,,
3.99003,6.10888,,,,
4.01496,6.14995,,,,
4.0399,6.19107,,,,
4.06484,6.23225,,,,
4.08978,6.27347,,,,
4.11471,6.31476,,,,
4.13965,6.35609,,,,
4.16459,6.39748,,,,
4.18953,6.43893,,,,
4.21446,6.48043,,,,
4.2394,6.52198,,,,
4.26434,6.5636,,,,
4.28928,6.60526,,,,
4.31421,6.64699,,,,
4.33915,6.68877,,,,
4.36409,6.73061,,,,
4.38903,6.77251,,,,
4.41396,6.81446,,,,
4.4389,6.85648,,,,
4.46384,6.89855,,,,
4.48878,6.94068,,,,
4.51372,6.98288,,,,
4.53865,7.02513,,,,
4.56359,7.06744,,,,
4.58853,7.10982,,,,
4.61347,7.15226,,,,
4.6384,7.19476,,,,
4.66334,7.23732,,,,
4.68828,7.27995,,,,
4.71322,7.32264,,,,
4.73815,7.36539,,,,
4.76309,7.40821,,,,
4.78803,7.45109,,,,
4.81297,7.49404,,,,
4.83791,7.53705,,,,
4.86284,7.58013,,,,
4.88778,7.62328,,,,
4.91272,7.66649,,,,
4.93766,7.70977,,,,
4.96259,7.75312,,,,
4.98753,7.79654,,,,
5.01247,7.84003,,,,
5.03741,7.88359,,,,
5.06234,7.92721,,,,
5.08728,7.97091,,,,
5.11222,8.01468,,,,
5.13716,8.05852,,,,
5.1621,8.10243,,,,
5.18703,8.14642,,,,
5.21197,8.19048,,,,
5.23691,8.23461,,,,
5.26185,8.27881,,,,
5.28678,8.32309,,,,
5.31172,8.36745,,,,
5.33666,8.41188,,,,
5.3616,8.45639,,,,
5.38653,8.50097,,,,
5.41147,8.54563,,,,
5.43641,8.59037,,,,
5.46135,8.63518,,,,
5.48628,8.68008,,,,
5.51122,8.72505,,,,
5.53616,8.77011,,,,
5.5611,8.81524,,,,
5.58603,8.86045,,,,
5.61097,8.90575,,,,
5.63591,8.95113,,,,
5.66085,8.99659,,,,
5.68579,9.04213,,,,
5.71072,9.08776,,,,
5.73566,9.13347,,,,
5.7606,9.17927,,,,
5.78554,9.22515,,,,
5.81047,9.27111,,,,
5.83541,9.31717,,,,
5.86035,9.36331,,,,
5.88529,9.40953,,,,
5.91022,9.45585,,,,
5.93516,9.50225,,,,
5.9601,9.54874,,,,
5.98504,9.59533,,,,
6.00997,9.642,,,,
6.03491,9.68876,,,,
6.05985,9.73562,,,,
6.08479,9.78257,,,,
6.10973,9.82961,,,,
6.13466,9.87674,,,,
6.1596,9.92397,,,,
6.18454,9.97129,,,,
6.20948,10.0187,,,,
6.23441,10.0662,,,,
6.25935,10.1138,,,,
6.28429,10.1615,,,,
6.30923,10.2093,,,,
6.33416,10.2572,,,,
6.3591,10.3052,,,,
6.38404,10.3533,,,,
6.40898,10.4015,,,,
6.43392,10.4498,,,,
6.45885,10.4982,,,,
6.48379,10.5468,,,,
6.50873,10.5954,,,,
6.53367,10.6441,,,,
6.5586,10.6929,,,,
6.58354,10.7418,,,,
6.60848,10.7908,,,,
6.63342,10.84,,,,
6.65835,10.8892,,,,
6.68329,10.9385,,,,
6.70823,10.988,,,,
6.73317,11.0376,,,,
6.7581,11.0872,,,,
6.78304,11.137,,,,
6.80798,11.1869,,,,
6.83292,11.2369,,,,
6.85786,11.287,,,,
6.88279,11.3372,,,,
6.90773,11.3876,,,,
6.93267,11.438,,,,
6.95761,11.4886,,,,
6.98254,11.5393,,,,
7.00748,11.5901,,,,
7.03242,11.641,,,,
7.05736,11.692,,,,
7.08229,11.7432,,,,
7.10723,11.7945,,,,
7.13217,11.8459,,,,
7.15711,11.8974,,,,
7.18204,11.949,,,,
7.20698,12.0008,,,,
7.23192,12.0526,,,,
7.25686,12.1046,,,,
7.2818,12.1568,,,,
7.30673,12.209,,,,
7.33167,12.2614,,,,
7.35661,12.3139,,,,
7.38155,12.3665,,,,
7.40648,12.4193,,,,
7.43142,12.4722,,,,
7.45636,12.5252,,,,
7.4813,12.5783,,,,
7.50623,12.6316,,,,
7.53117,12.685,,,,
7.55611,12.7386,,,,
7.58105,12.7922,,,,
7.60598,12.846,,,,
7.63092,12.9,,,,
7.65586,12.9541,,,,
7.6808,13.0083,,,,
7.70574,13.0626,,,,
7.73067,13.1171,,,,
7.75561,13.1717,,,,
7.78055,13.2265,,,,
7.80549,13.2814,,,,
7.83042,13.3365,,,,
7.85536,13.3917,,,,
7.8803,13.447,,,,
7.90524,13.5025,,,,
7.93017,13.5581,,,,
7.95511,13.6139,,,,
7.98005,13.6698,,,,
8.00499,13.7259,,,,
8.02993,13.7821,,,,
8.05486,13.8384,,,,
8.0798,13.895,,,,
8.10474,13.9516,,,,
8.12968,14.0084,,,,
8.15461,14.0654,,,,
8.17955,14.1225,,,,
8.20449,14.1798,,,,
8.22943,14.2372,,,,
8.25436,14.2948,,,,
8.2793,14.3525,,,,
8.30424,14.4104,,,,
8.32918,14.4685,,,,
8.35411,14.5267,,,,
8.37905,14.5851,,,,
8.40399,14.6436,,,,
8.42893,14.7023,,,,
8.45387,14.7612,,,,
8.4788,14.8202,,,,
8.50374,14.8794,,,,
8.52868,14.9388,,,,
8.55362,14.9983,,,,
8.57855,15.058,,,,
8.60349,15.1178,,,,
8.62843,15.1779,,,,
8.65337,15.2381,,,,
8.6783,15.2984,,,,
8.70324,15.359,,,,
8.72818,15.4197,,,,
8.75312,15.4806,,,,
8.77806,15.5416,,,,
8.80299,15.6029,,,,
8.82793,15.6643,,,,
8.85287,15.7259,,,,
8.87781,15.7877,,,,
8.90274,15.8496,,,,
8.92768,15.9118,,,,
8.95262,15.9741,,,,
8.97756,16.0366,,,,
9.00249,16.0993,,,,
9.02743,16.1621,,,,
9.05237,16.2252,,,,
9.07731,16.2884,,,,
9.10224,16.3519,,,,
9.12718,16.4155,,,,
9.15212,16.4793,,,,
9.17706,16.5433,,,,
9.20199,16.6075,,,,
9.22693,16.6719,,,,
9.25187,16.7365,,,,
9.27681,16.8012,,,,
9.30175,16.8662,,,,
9.32668,16.9314,,,,
9.35162,16.9968,,,,
9.37656,17.0623,,,,
9.4015,17.1281,,,,
9.42643,17.1941,,,,
9.45137,17.2602,,,,
9.47631,17.3266,,,,
9.50125,17.3932,,,,
9.52618,17.46,,,,
9.55112,17.527,,,,
9.57606,17.5942,,,,
9.601,17.6616,,,,
9.62593,17.7292,,,,
9.65087,17.797,,,,
9.67581,17.8651,,,,
9.70075,17.9334,,,,
9.72569,18.0018,,,,
9.75062,18.0705,,,,
9.77556,18.1394,,,,
9.8005,18.2086,,,,
9.82544,18.2779,,,,
9.85037,18.3475,,,,
9.87531,18.4172,,,,
9.90025,18.4873,,,,
9.92519,18.5575,,,,
9.95012,18.628,,,,
9.97506,18.6986,,,,
10,18.7696,,,,
10.0499,18.9121,,,,
10.0998,19.0555,,,,
10.1496,19.1999,,,,
10.1995,19.3452,,,,
10.2494,19.4914,,,,
10.2993,19.6387,,,,
10.3491,19.7869,,,,
10.399,19.9361,,,,
10.4489,20.0862,,,,
10.4988,20.2374,,,,
10.5486,20.3896,,,,
10.5985,20.5428,,,,
10.6484,20.6971,,,,
10.6983,20.8524,,,,
10.7481,21.0087,,,,
10.798,21.1661,,,,
10.8479,21.3246,,,,
10.8978,21.4842,,,,
10.9476,21.6448,,,,
10.9975,21.8066,,,,
11.0474,21.9695,,,,
11.0973,22.1335,,,,
11.1471,22.2987,,,,
11.197,22.465,,,,
11.2469,22.6325,,,,
11.2968,22.8012,,,,
11.3466,22.971,,,,
11.3965,23.1421,,,,
11.4464,23.3143,,,,
11.4963,23.4878,,,,
11.5461,23.6625,,,,
11.596,23.8385,,,,
11.6459,24.0157,,,,
11.6958,24.1942,,,,
11.7456,24.3739,,,,
11.7955,24.555,,,,
11.8454,24.7374,,,,
11.8953,24.921,,,,
11.9451,25.1061,,,,
11.995,25.2924,,,,
12.0449,25.4801,,,,
12.0948,25.6692,,,,
12.1446,25.8597,,,,
12.1945,26.0516,,,,
12.2444,26.2449,,,,
12.2943,26.4396,,,,
12.3441,26.6357,,,,
12.394,26.8333,,,,
12.4439,27.0323,,,,
12.4938,27.2329,,,,
12.5436,27.4349,,,,
12.5935,27.6384,,,,
12.6434,27.8435,,,,
12.6933,28.05,,,,
12.7431,28.2582,,,,
12.793,28.4679,,,,
12.8429,28.6791,,,,
12.8928,28.892,,,,
12.9426,29.1064,,,,
12.9925,29.3225,,,,
13.0424,29.5402,,,,
13.0923,29.7596,,,,
13.1421,29.9806,,,,
13.192,30.2033,,,,
13.2419,30.4277,,,,
13.2918,30.6538,,,,
13.3416,30.8817,,,,
13.3915,31.1112,,,,
13.4414,31.3426,,,,
13.4913,31.5757,,,,
13.5411,31.8106,,,,
13.591,32.0473,,,,
13.6409,32.2858,,,,
13.6908,32.5262,,,,
13.7406,32.7684,,,,
13.7905,33.0125,,,,
13.8404,33.2585,,,,
13.8903,33.5064,,,,
13.9401,33.7562,,,,
13.99,34.0079,,,,
14.0399,34.2616,,,,
14.0898,34.5173,,,,
14.1397,34.7749,,,,
14.1895,35.0346,,,,
14.2394,35.2963,,,,
14.2893,35.56,,,,
14.3392,35.8258,,,,
14.389,36.0937,,,,
14.4389,36.3637,,,,
14.4888,36.6358,,,,
14.5387,36.91,,,,
14.5885,37.1864,,,,
14.6384,37.4649,,,,
14.6883,37.7457,,,,
14.7382,38.0286,,,,
14.788,38.3138,,,,
14.8379,38.6012,,,,
14.8878,38.8909,,,,
14.9377,39.1829,,,,
14.9875,39.4772,,,,
15.0374,39.7738,,,,
15.0873,40.0728,,,,
15.1372,40.3741,,,,
15.187,40.6778,,,,
15.2369,40.984,,,,
15.2868,41.2925,,,,
15.3367,41.6035,,,,
15.3865,41.917,,,,
15.4364,42.2329,,,,
15.4863,42.5514,,,,
15.5362,42.8724,,,,
15.586,43.1959,,,,
15.6359,43.5221,,,,
15.6858,43.8508,,,,
15.7357,44.1821,,,,
15.7855,44.5161,,,,
15.8354,44.8528,,,,
15.8853,45.1921,,,,
15.9352,45.5342,,,,
15.985,45.8789,,,,
16.0349,46.2265,,,,
16.0848,46.5768,,,,
16.1347,46.9299,,,,
16.1845,47.2858,,,,
16.2344,47.6446,,,,
16.2843,48.0062,,,,
16.3342,48.3707,,,,
16.384,48.7382,,,,
16.4339,49.1086,,,,
16.4838,49.4819,,,,
16.5337,49.8583,,,,
16.5835,50.2377,,,,
16.6334,50.6201,,,,
16.6833,51.0055,,,,
16.7332,51.3941,,,,
16.783,51.7858,,,,
16.8329,52.1806,,,,
16.8828,52.5786,,,,
16.9327,52.9798,,,,
16.9825,53.3842,,,,
17.0324,53.7918,,,,
17.0823,54.2027,,,,
17.1322,54.6169,,,,
17.182,55.0344,,,,
17.2319,55.4553,,,,
17.2818,55.8796,,,,
17.3317,56.3073,,,,
17.3815,56.7384,,,,
17.4314,57.1729,,,,
17.4813,57.611,,,,
17.5312,58.0526,,,,
17.581,58.4977,,,,
17.6309,58.9464,,,,
17.6808,59.3986,,,,
17.7307,59.8546,,,,
17.7805,60.3142,,,,
17.8304,60.7774,,,,
17.8803,61.2444,,,,
17.9302,61.7152,,,,
17.98,62.1897,,,,
18.0299,62.668,,,,
18.0798,63.1502,,,,
18.1297,63.6362,,,,
18.1796,64.1262,,,,
18.2294,64.62,,,,
18.2793,65.1179,,,,
18.3292,65.6197,,,,
18.3791,66.1255,,,,
18.4289,66.6354,,,,
18.4788,67.1494,,,,
18.5287,67.6675,,,,
18.5786,68.1898,,,,
18.6284,68.7163,,,,
18.6783,69.2469,,,,
18.7282,69.7819,,,,
18.7781,70.3211,,,,
18.8279,70.8646,,,,
18.8778,71.4125,,,,
18.9277,71.9648,,,,
18.9776,72.5215,,,,
19.0274,73.0826,,,,
19.0773,73.6483,,,,
19.1272,74.2184,,,,
19.1771,74.7931,,,,
19.2269,75.3725,,,,
19.2768,75.9564,,,,
19.3267,76.545,,,,
19.3766,77.1384,,,,
19.4264,77.7364,,,,
19.4763,78.3393,,,,
19.5262,78.9469,,,,
19.5761,79.5594,,,,
19.6259,80.1768,,,,
19.6758,80.7991,,,,
19.7257,81.4264,,,,
19.7756,82.0587,,,,
19.8254,82.696,,,,
19.8753,83.3384,,,,
19.9252,83.986,,,,
19.9751,84.6386,,,,
20.0249,85.2965,,,,
20.0748,85.9596,,,,
20.1247,86.628,,,,
20.1746,87.3017,,,,
20.2244,87.9808,,,,
20.2743,88.6652,,,,
20.3242,89.3551,,,,
20.3741,90.0505,,,,
20.4239,90.7514,,,,
20.4738,91.4579,,,,
20.5237,92.1699,,,,
20.5736,92.8877,,,,
20.6234,93.6111,,,,
20.6733,94.3402,,,,
20.7232,95.0751,,,,
20.7731,95.8159,,,,
20.8229,96.5625,,,,
20.8728,97.315,,,,
20.9227,98.0735,,,,
20.9726,98.838,,,,
21.0224,99.6085,,,,
21.0723,100.385,,,,
21.1222,101.168,,,,
21.1721,101.957,,,,
21.2219,102.752,,,,
21.2718,103.553,,,,
21.3217,104.361,,,,
21.3716,105.175,,,,
21.4214,105.996,,,,
21.4713,106.823,,,,
21.5212,107.656,,,,
21.5711,108.496,,,,
21.6209,109.343,,,,
21.6708,110.196,,,,
21.7207,111.056,,,,
21.7706,111.923,,,,
21.8204,112.797,,,,
21.8703,113.677,,,,
21.9202,114.565,,,,
21.9701,115.459,,,,
22.0199,116.361,,,,
22.0698,117.269,,,,
22.1197,118.185,,,,
22.1696,119.107,,,,
22.2194,120.037,,,,
22.2693,120.974,,,,
22.3192,121.919,,,,
22.3691,122.871,,,,
22.419,123.83,,,,
22.4688,124.797,,,,
22.5187,125.772,,,,
22.5686,126.754,,,,
22.6185,127.743,,,,
22.6683,128.741,,,,
22.7182,129.746,,,,
22.7681,130.759,,,,
22.818,131.78,,,,
22.8678,132.809,,,,
22.9177,133.846,,,,
22.9676,134.891,,,,
23.0175,135.944,,,,
23.0673,137.005,,,,
23.1172,138.072,,,,
23.1671,139.141,,,,
23.217,140.212,,,,
23.2668,141.286,,,,
23.3167,142.362,,,,
23.3666,143.44,,,,
23.4165,144.521,,,,
23.4663,145.606,,,,
23.5162,146.694,,,,
23.5661,147.785,,,,
23.616,148.88,,,,
23.6658,149.979,,,,
23.7157,151.083,,,,
23.7656,152.19,,,,
23.8155,153.302,,,,
23.8653,154.419,,,,
23.9152,155.54,,,,
23.9651,156.666,,,,
24.015,157.798,,,,
24.0648,158.935,,,,
24.1147,160.078,,,,
24.1646,161.227,,,,
24.2145,162.381,,,,
24.2643,163.542,,,,
24.3142,164.709,,,,
24.3641,165.882,,,,
24.414,167.062,,,,
24.4638,168.249,,,,
24.5137,169.443,,,,
24.5636,170.644,,,,
24.6135,171.853,,,,
24.6633,173.069,,,,
24.7132,174.293,,,,
24.7631,175.525,,,,
24.813,176.765,,,,
24.8628,178.014,,,,
24.9127,179.271,,,,
24.9626,180.536,,,,
25.0125,181.811,,,,
25.0623,183.094,,,,
25.1122,184.387,,,,
25.1621,185.689,,,,
25.212,187.001,,,,
25.2618,188.322,,,,
25.3117,189.654,,,,
25.3616,190.996,,,,
25.4115,192.348,,,,
25.4613,193.71,,,,
25.5112,195.083,,,,
25.5611,196.468,,,,
25.611,197.863,,,,
25.6608,199.269,,,,
25.7107,200.688,,,,
25.7606,202.117,,,,
25.8105,203.559,,,,
25.8603,205.012,,,,
25.9102,206.478,,,,
25.9601,207.957,,,,
26.01,209.448,,,,
26.0599,210.952,,,,
26.1097,212.469,,,,
26.1596,213.999,,,,
26.2095,215.542,,,,
26.2593,217.099,,,,
26.3092,218.67,,,,
26.3591,220.256,,,,
26.409,221.855,,,,
26.4589,223.469,,,,
26.5087,225.097,,,,
26.5586,226.74,,,,
26.6085,228.399,,,,
26.6584,230.072,,,,
26.7082,231.761,,,,
26.7581,233.466,,,,
26.808,235.187,,,,
26.8579,236.924,,,,
26.9077,238.677,,,,
26.9576,240.446,,,,
27.0075,242.233,,,,
27.0574,244.036,,,,
27.1072,245.856,,,,
27.1571,247.694,,,,
27.207,249.55,,,,
27.2569,251.423,,,,
27.3067,253.314,,,,
27.3566,255.224,,,,
27.4065,257.152,,,,
27.4564,259.099,,,,
27.5062,261.065,,,,
27.5561,263.05,,,,
27.606,265.054,,,,
27.6559,267.078,,,,
27.7057,269.122,,,,
27.7556,271.186,,,,
27.8055,273.27,,,,
27.8554,275.375,,,,
27.9052,277.5,,,,
27.9551,279.647,,,,
28.005,281.815,,,,
28.0549,284.004,,,,
28.1047,286.215,,,,
28.1546,288.448,,,,
28.2045,290.704,,,,
28.2544,292.981,,,,
28.3042,295.282,,,,
28.3541,297.605,,,,
28.404,299.952,,,,
28.4539,302.322,,,,
28.5037,304.715,,,,
28.5536,307.133,,,,
28.6035,309.575,,,,
28.6534,312.041,,,,
28.7032,314.532,,,,
28.7531,317.048,,,,
28.803,319.589,,,,
28.8529,322.156,,,,
28.9027,324.749,,,,
28.9526,327.367,,,,
29.0025,330.012,,,,
29.0524,332.683,,,,
29.1022,335.381,,,,
29.1521,338.106,,,,
29.202,340.858,,,,
29.2519,343.639,,,,
29.3017,346.446,,,,
29.3516,349.283,,,,
29.4015,352.147,,,,
29.4514,355.04,,,,
29.5012,357.962,,,,
29.5511,360.914,,,,
29.601,363.895,,,,
29.6509,366.906,,,,
29.7007,369.947,,,,
29.7506,373.018,,,,
29.8005,376.12,,,,
29.8504,379.253,,,,
29.9002,382.418,,,,
29.9501,385.613,,,,
30,388.841,,,,
30.0993,395.367,,,,
30.1987,402.022,,,,
30.298,408.81,,,,
30.3974,415.732,,,,
30.4967,422.792,,,,
30.5961,429.991,,,,
30.6954,437.333,,,,
30.7948,444.819,,,,
30.8941,452.453,,,,
30.9935,460.236,,,,
31.0928,468.172,,,,
31.1922,476.263,,,,
31.2915,484.512,,,,
31.3908,492.922,,,,
31.4902,501.494,,,,
31.5895,510.233,,,,
31.6889,519.141,,,,
31.7882,528.22,,,,
31.8876,537.474,,,,
31.9869,546.905,,,,
32.0863,556.516,,,,
32.1856,566.311,,,,
32.285,576.293,,,,
32.3843,586.464,,,,
32.4837,596.827,,,,
32.583,607.386,,,,
32.6824,618.144,,,,
32.7817,629.104,,,,
32.881,640.269,,,,
32.9804,651.642,,,,
33.0797,663.228,,,,
33.1791,675.028,,,,
33.2784,687.047,,,,
33.3778,699.288,,,,
33.4771,711.754,,,,
33.5765,724.449,,,,
33.6758,737.377,,,,
33.7752,750.541,,,,
33.8745,763.944,,,,
33.9739,777.591,,,,
34.0732,791.485,,,,
34.1726,805.629,,,,
34.2719,820.029,,,,
34.3712,834.687,,,,
34.4706,849.607,,,,
34.5699,864.794,,,,
34.6693,880.251,,,,
34.7686,895.983,,,,
34.868,911.993,,,,
34.9673,928.286,,,,
35.0667,944.865,,,,
35.166,961.736,,,,
35.2654,978.902,,,,
35.3647,996.368,,,,
35.4641,1014.14,,,,
35.5634,1032.22,,,,
35.6627,1050.61,,,,
35.7621,1069.32,,,,
35.8614,1088.35,,,,
35.9608,1107.71,,,,
36.0601,1127.4,,,,
36.1595,1147.43,,,,
36.2588,1167.8,,,,
36.3582,1188.51,,,,
36.4575,1209.58,,,,
36.5569,1231,,,,
36.6562,1252.78,,,,
36.7556,1274.93,,,,
36.8549,1297.46,,,,
36.9542,1320.35,,,,
37.0536,1343.64,,,,
37.1529,1367.3,,,,
37.2523,1391.37,,,,
37.3516,1415.83,,,,
37.451,1440.69,,,,
37.5503,1465.97,,,,
37.6497,1491.66,,,,
37.749,1517.77,,,,
37.8484,1544.31,,,,
37.9477,1571.29,,,,
38.0471,1598.7,,,,
38.1464,1626.56,,,,
38.2458,1654.87,,,,
38.3451,1683.64,,,,
38.4444,1712.87,,,,
38.5438,1742.56,,,,
38.6431,1772.7,,,,
38.7425,1803.3,,,,
38.8418,1834.36,,,,
38.9412,1865.89,,,,
39.0405,1897.89,,,,
39.1399,1930.36,,,,
39.2392,1963.32,,,,
39.3386,1996.76,,,,
39.4379,2030.68,,,,
39.5373,2065.1,,,,
39.6366,2100.01,,,,
39.736,2135.43,,,,
39.8353,2171.34,,,,
39.9346,2207.77,,,,
40.034,2244.72,,,,
40.1333,2282.18,,,,
40.2327,2320.16,,,,
40.332,2358.67,,,,
40.4314,2397.71,,,,
40.5307,2437.29,,,,
40.6301,2477.41,,,,
40.7294,2518.08,,,,
40.8288,2559.3,,,,
40.9281,2601.08,,,,
41.0275,2643.41,,,,
41.1268,2686.31,,,,
41.2261,2729.79,,,,
41.3255,2773.84,,,,
41.4248,2818.47,,,,
41.5242,2863.68,,,,
41.6235,2909.49,,,,
41.7229,2955.9,,,,
41.8222,3002.9,,,,
41.9216,3050.52,,,,
42.0209,3098.75,,,,
42.1203,3147.59,,,,
42.2196,3197.06,,,,
42.319,3247.16,,,,
42.4183,3297.9,,,,
42.5176,3349.28,,,,
42.617,3401.3,,,,
42.7163,3453.97,,,,
42.8157,3507.31,,,,
42.915,3561.3,,,,
43.0144,3615.97,,,,
43.1137,3671.32,,,,
43.2131,3727.34,,,,
43.3124,3784.06,,,,
43.4118,3841.47,,,,
43.5111,3899.58,,,,
43.6105,3958.4,,,,
43.7098,4017.93,,,,
43.8092,4078.18,,,,
43.9085,4139.16,,,,
44.0078,4200.87,,,,
44.1072,4263.32,,,,
44.2065,4326.52,,,,
44.3059,4390.48,,,,
44.4052,4455.19,,,,
44.5046,4520.67,,,,
44.6039,4586.92,,,,
44.7033,4653.96,,,,
44.8026,4721.79,,,,
44.902,4790.41,,,,
45.0013,4859.83,,,,
45.1007,4930.07,,,,
45.2,5001.12,,,,
45.1975,4999.33,,,,
45.195,4997.54,,,,
45.1925,4995.74,,,,
45.19,4993.95,,,,
45.1875,4992.16,,,,
45.185,4990.37,,,,
45.1825,4988.58,,,,
45.18,4986.79,,,,
45.1776,4985,,,,
45.1751,4983.21,,,,
45.1726,4981.42,,,,
45.1701,4979.63,,,,
45.1676,4977.85,,,,
45.1651,4976.06,,,,
45.1626,4974.27,,,,
45.1601,4972.49,,,,
45.1576,4970.7,,,,
45.1551,4968.92,,,,
45.1526,4967.13,,,,
45.1501,4965.35,,,,
45.1476,4963.57,,,,
45.1451,4961.78,,,,
45.1426,4960,,,,
45.1402,4958.22,,,,
45.1377,4956.44,,,,
45.1352,4954.66,,,,
45.1327,4952.88,,,,
45.1302,4951.1,,,,
45.1277,4949.32,,,,
45.1252,4947.54,,,,
45.1227,4945.76,,,,
45.1202,4943.98,,,,
45.1177,4942.21,,,,
45.1152,4940.43,,,,
45.1127,4938.65,,,,
45.1102,4936.88,,,,
45.1077,4935.1,,,,
45.1052,4933.33,,,,
45.1027,4931.56,,,,
45.1003,4929.78,,,,
45.0978,4928.01,,,,
45.0953,4926.24,,,,
45.0928,4924.46,,,,
45.0903,4922.69,,,,
45.0878,4920.92,,,,
45.0853,4919.15,,,,
45.0828,4917.38,,,,
45.0803,4915.61,,,,
45.0778,4913.84,,,,
45.0753,4912.08,,,,
45.0728,4910.31,,,,
45.0703,4908.54,,,,
45.0678,4906.77,,,,
45.0653,4905.01,,,,
45.0628,4903.24,,,,
45.0603,4901.48,,,,
45.0579,4899.71,,,,
45.0554,4897.95,,,,
45.0529,4896.18,,,,
45.0504,4894.42,,,,
45.0479,4892.66,,,,
45.0454,4890.9,,,,
45.0429,4889.13,,,,
45.0404,4887.37,,,,
45.0379,4885.61,,,,
45.0354,4883.85,,,,
45.0329,4882.09,,,,
45.0304,4880.33,,,,
45.0279,4878.58,,,,
45.0254,4876.82,,,,
45.0229,4875.06,,,,
45.0205,4873.3,,,,
45.018,4871.55,,,,
45.0155,4869.79,,,,
45.013,4868.04,,,,
45.0105,4866.28,,,,
45.008,4864.53,,,,
45.0055,4862.77,,,,
45.003,4861.02,,,,
45.0005,4859.27,,,,
44.998,4857.51,,,,
44.9955,4855.76,,,,
44.993,4854.01,,,,
44.9905,4852.26,,,,
44.988,4850.51,,,,
44.9855,4848.76,,,,
44.983,4847.01,,,,
44.9805,4845.26,,,,
44.9781,4843.51,,,,
44.9756,4841.76,,,,
44.9731,4840.02,,,,
44.9706,4838.27,,,,
44.9681,4836.52,,,,
44.9656,4834.78,,,,
44.9631,4833.03,,,,
44.9606,4831.29,,,,
44.9581,4829.54,,,,
44.9556,4827.8,,,,
44.9531,4826.06,,,,
44.9506,4824.31,,,,
44.9481,4822.57,,,,
44.9456,4820.83,,,,
44.9431,4819.09,,,,
44.9406,4817.35,,,,
44.9382,4815.61,,,,
44.9357,4813.87,,,,
44.9332,4812.13,,,,
44.9307,4810.39,,,,
44.9282,4808.65,,,,
44.9257,4806.92,,,,
44.9232,4805.18,,,,
44.9207,4803.44,,,,
44.9182,4801.71,,,,
44.9157,4799.97,,,,
44.9132,4798.23,,,,
44.9107,4796.5,,,,
44.9082,4794.77,,,,
44.9057,4793.03,,,,
44.9032,4791.3,,,,
44.9007,4789.57,,,,
44.8983,4787.83,,,,
44.8958,4786.1,,,,
44.8933,4784.37,,,,
44.8908,4782.64,,,,
44.8883,4780.91,,,,
44.8858,4779.18,,,,
44.8833,4777.45,,,,
44.8808,4775.72,,,,
44.8783,4774,,,,
44.8758,4772.27,,,,
44.8733,4770.54,,,,
44.8708,4768.81,,,,
44.8683,4767.09,,,,
44.8658,4765.36,,,,
44.8633,4763.64,,,,
44.8608,4761.91,,,,
44.8584,4760.19,,,,
44.8559,4758.47,,,,
44.8534,4756.74,,,,
44.8509,4755.02,,,,
44.8484,4753.3,,,,
44.8459,4751.58,,,,
44.8434,4749.86,,,,
44.8409,4748.14,,,,
44.8384,4746.42,,,,
44.8359,4744.7,,,,
44.8334,4742.98,,,,
44.8309,4741.26,,,,
44.8284,4739.54,,,,
44.8259,4737.82,,,,
44.8234,4736.11,,,,
44.8209,4734.39,,,,
44.8185,4732.67,,,,
44.816,4730.96,,,,
44.8135,4729.24,,,,
44.811,4727.53,,,,
44.8085,4725.82,,,,
44.806,4724.1,,,,
44.8035,4722.39,,,,
44.801,4720.68,,,,
44.7985,4718.97,,,,
44.796,4717.25,,,,
44.7935,4715.54,,,,
44.791,4713.83,,,,
44.7885,4712.12,,,,
44.786,4710.41,,,,
44.7835,4708.7,,,,
44.781,4707,,,,
44.7786,4705.29,,,,
44.7761,4703.58,,,,
44.7736,4701.87,,,,
44.7711,4700.17,,,,
44.7686,4698.46,,,,
44.7661,4696.76,,,,
44.7636,4695.05,,,,
44.7611,4693.35,,,,
44.7586,4691.64,,,,
44.7561,4689.94,,,,
44.7536,4688.24,,,,
44.7511,4686.53,,,,
44.7486,4684.83,,,,
44.7461,4683.13,,,,
44.7436,4681.43,,,,
44.7411,4679.73,,,,
44.7387,4678.03,,,,
44.7362,4676.33,,,,
44.7337,4674.63,,,,
44.7312,4672.93,,,,
44.7287,4671.23,,,,
44.7262,4669.54,,,,
44.7237,4667.84,,,,
44.7212,4666.14,,,,
44.7187,4664.45,,,,
44.7162,4662.75,,,,
44.7137,4661.06,,,,
44.7112,4659.36,,,,
44.7087,4657.67,,,,
44.7062,4655.98,,,,
44.7037,4654.28,,,,
44.7012,4652.59,,,,
44.6988,4650.9,,,,
44.6963,4649.21,,,,
44.6938,4647.52,,,,
44.6913,4645.83,,,,
44.6888,4644.14,,,,
44.6863,4642.45,,,,
44.6838,4640.76,,,,
44.6813,4639.07,,,,
44.6788,4637.38,,,,
44.6763,4635.69,,,,
44.6738,4634.01,,,,
44.6713,4632.32,,,,
44.6688,4630.63,,,,
44.6663,4628.95,,,,
44.6638,4627.26,,,,
44.6613,4625.58,,,,
44.6589,4623.89,,,,
44.6564,4622.21,,,,
44.6539,4620.53,,,,
44.6514,4618.85,,,,
44.6489,4617.16,,,,
44.6464,4615.48,,,,
44.6439,4613.8,,,,
44.6414,4612.12,,,,
44.6389,4610.44,,,,
44.6364,4608.76,,,,
44.6339,4607.08,,,,
44.6314,4605.4,,,,
44.6289,4603.72,,,,
44.6264,4602.05,,,,
44.6239,4600.37,,,,
44.6214,4598.69,,,,
44.619,4597.02,,,,
44.6165,4595.34,,,,
44.614,4593.67,,,,
44.6115,4591.99,,,,
44.609,4590.32,,,,
44.6065,4588.64,,,,
44.604,4586.97,,,,
44.6015,4585.3,,,,
44.599,4583.63,,,,
44.5965,4581.95,,,,
44.594,4580.28,,,,
44.5915,4578.61,,,,
44.589,4576.94,,,,
44.5865,4575.27,,,,
44.584,4573.6,,,,
44.5815,4571.93,,,,
44.5791,4570.27,,,,
44.5766,4568.6,,,,
44.5741,4566.93,,,,
44.5716,4565.26,,,,
44.5691,4563.6,,,,
44.5666,4561.93,,,,
44.5641,4560.27,,,,
44.5616,4558.6,,,,
44.5591,4556.94,,,,
44.5566,4555.27,,,,
44.5541,4553.61,,,,
44.5516,4551.95,,,,
44.5491,4550.29,,,,
44.5466,4548.62,,,,
44.5441,4546.96,,,,
44.5416,4545.3,,,,
44.5392,4543.64,,,,
44.5367,4541.98,,,,
44.5342,4540.32,,,,
44.5317,4538.66,,,,
44.5292,4537,,,,
44.5267,4535.35,,,,
44.5242,4533.69,,,,
44.5217,4532.03,,,,
44.5192,4530.38,,,,
44.5167,4528.72,,,,
44.5142,4527.06,,,,
44.5117,4525.41,,,,
44.5092,4523.75,,,,
44.5067,4522.1,,,,
44.5042,4520.45,,,,
44.5017,4518.79,,,,
44.4993,4517.14,,,,
44.4968,4515.49,,,,
44.4943,4513.84,,,,
44.4918,4512.19,,,,
44.4893,4510.54,,,,
44.4868,4508.89,,,,
44.4843,4507.24,,,,
44.4818,4505.59,,,,
44.4793,4503.94,,,,
44.4768,4502.29,,,,
44.4743,4500.64,,,,
44.4718,4499,,,,
44.4693,4497.35,,,,
44.4668,4495.7,,,,
44.4643,4494.06,,,,
44.4618,4492.41,,,,
44.4594,4490.77,,,,
44.4569,4489.12,,,,
44.4544,4487.48,,,,
44.4519,4485.83,,,,
44.4494,4484.19,,,,
44.4469,4482.55,,,,
44.4444,4480.91,,,,
44.4419,4479.27,,,,
44.4394,4477.63,,,,
44.4369,4475.99,,,,
44.4344,4474.35,,,,
44.4319,4472.71,,,,
44.4294,4471.07,,,,
44.4269,4469.43,,,,
44.4244,4467.79,,,,
44.4219,4466.15,,,,
44.4195,4464.52,,,,
44.417,4462.88,,,,
44.4145,4461.24,,,,
44.412,4459.61,,,,
44.4095,4457.97,,,,
44.407,4456.34,,,,
44.4045,4454.7,,,,
44.402,4453.07,,,,
44.3995,4451.44,,,,
44.397,4449.8,,,,
44.3945,4448.17,,,,
44.392,4446.54,,,,
44.3895,4444.91,,,,
44.387,4443.28,,,,
44.3845,4441.65,,,,
44.382,4440.02,,,,
44.3796,4438.39,,,,
44.3771,4436.76,,,,
44.3746,4435.13,,,,
44.3721,4433.5,,,,
44.3696,4431.88,,,,
44.3671,4430.25,,,,
44.3646,4428.62,,,,
44.3621,4427,,,,
44.3596,4425.37,,,,
44.3571,4423.75,,,,
44.3546,4422.12,,,,
44.3521,4420.5,,,,
44.3496,4418.88,,,,
44.3471,4417.25,,,,
44.3446,4415.63,,,,
44.3421,4414.01,,,,
44.3396,4412.39,,,,
44.3372,4410.77,,,,
44.3347,4409.14,,,,
44.3322,4407.52,,,,
44.3297,4405.9,,,,
44.3272,4404.29,,,,
44.3247,4402.67,,,,
44.3222,4401.05,,,,
44.3197,4399.43,,,,
44.3172,4397.81,,,,
44.3147,4396.2,,,,
44.3122,4394.58,,,,
44.3097,4392.96,,,,
44.3072,4391.35,,,,
44.3047,4389.73,,,,
44.3022,4388.12,,,,
44.2998,4386.51,,,,
44.2973,4384.89,,,,
44.2948,4383.28,,,,
44.2923,4381.67,,,,
44.2898,4380.06,,,,
44.2873,4378.44,,,,
44.2848,4376.83,,,,
44.2823,4375.22,,,,
44.2798,4373.61,,,,
44.2773,4372,,,,
44.2748,4370.39,,,,
44.2723,4368.79,,,,
44.2698,4367.18,,,,
44.2673,4365.57,,,,
44.2648,4363.96,,,,
44.2623,4362.35,,,,
44.2598,4360.75,,,,
44.2574,4359.14,,,,
44.2549,4357.54,,,,
44.2524,4355.93,,,,
44.2499,4354.33,,,,
44.2474,4352.72,,,,
44.2449,4351.12,,,,
44.2424,4349.52,,,,
44.2399,4347.92,,,,
44.2374,4346.31,,,,
44.2349,4344.71,,,,
44.2324,4343.11,,,,
44.2299,4341.51,,,,
44.2274,4339.91,,,,
44.2249,4338.31,,,,
44.2224,4336.71,,,,
44.22,4335.11,,,,
44.2175,4333.52,,,,
44.215,4331.92,,,,
44.2125,4330.32,,,,
44.21,4328.72,,,,
44.2075,4327.13,,,,
44.205,4325.53,,,,
44.2025,4323.94,,,,
44.2,4322.34,,,,
44.1501,4290.5,,,,
44.1001,4258.85,,,,
44.0502,4227.39,,,,
44.0002,4196.11,,,,
43.9503,4165.03,,,,
43.9003,4134.12,,,,
43.8504,4103.41,,,,
43.8005,4072.88,,,,
43.7505,4042.53,,,,
43.7006,4012.36,,,,
43.6506,3982.38,,,,
43.6007,3952.57,,,,
43.5507,3922.95,,,,
43.5008,3893.51,,,,
43.4508,3864.24,,,,
43.4009,3835.16,,,,
43.351,3806.25,,,,
43.301,3777.51,,,,
43.2511,3748.95,,,,
43.2011,3720.57,,,,
43.1512,3692.36,,,,
43.1012,3664.32,,,,
43.0513,3636.46,,,,
43.0014,3608.77,,,,
42.9514,3581.24,,,,
42.9015,3553.89,,,,
42.8515,3526.71,,,,
42.8016,3499.69,,,,
42.7516,3472.85,,,,
42.7017,3446.17,,,,
42.6518,3419.65,,,,
42.6018,3393.3,,,,
42.5519,3367.12,,,,
42.5019,3341.1,,,,
42.452,3315.24,,,,
42.402,3289.55,,,,
42.3521,3264.02,,,,
42.3021,3238.64,,,,
42.2522,3213.43,,,,
42.2023,3188.38,,,,
42.1523,3163.49,,,,
42.1024,3138.75,,,,
42.0524,3114.18,,,,
42.0025,3089.75,,,,
41.9525,3065.49,,,,
41.9026,3041.38,,,,
41.8527,3017.43,,,,
41.8027,2993.63,,,,
41.7528,2969.98,,,,
41.7028,2946.48,,,,
41.6529,2923.14,,,,
41.6029,2899.95,,,,
41.553,2876.91,,,,
41.5031,2854.02,,,,
41.4531,2831.27,,,,
41.4032,2808.68,,,,
41.3532,2786.24,,,,
41.3033,2763.94,,,,
41.2533,2741.79,,,,
41.2034,2719.78,,,,
41.1534,2697.92,,,,
41.1035,2676.2,,,,
41.0536,2654.63,,,,
41.0036,2633.2,,,,
40.9537,2611.92,,,,
40.9037,2590.77,,,,
40.8538,2569.77,,,,
40.8038,2548.91,,,,
40.7539,2528.19,,,,
40.704,2507.61,,,,
40.654,2487.17,,,,
40.6041,2466.86,,,,
40.5541,2446.7,,,,
40.5042,2426.67,,,,
40.4542,2406.77,,,,
40.4043,2387.02,,,,
40.3544,2367.4,,,,
40.3044,2347.91,,,,
40.2545,2328.56,,,,
40.2045,2309.34,,,,
40.1546,2290.25,,,,
40.1046,2271.3,,,,
40.0547,2252.48,,,,
40.0047,2233.79,,,,
39.9548,2215.23,,,,
39.9049,2196.8,,,,
39.8549,2178.5,,,,
39.805,2160.33,,,,
39.755,2142.29,,,,
39.7051,2124.37,,,,
39.6551,2106.58,,,,
39.6052,2088.92,,,,
39.5553,2071.39,,,,
39.5053,2053.98,,,,
39.4554,2036.69,,,,
39.4054,2019.54,,,,
39.3555,2002.5,,,,
39.3055,1985.59,,,,
39.2556,1968.8,,,,
39.2057,1952.13,,,,
39.1557,1935.59,,,,
39.1058,1919.16,,,,
39.0558,1902.86,,,,
39.0059,1886.68,,,,
38.9559,1870.61,,,,
38.906,1854.67,,,,
38.856,1838.84,,,,
38.8061,1823.14,,,,
38.7562,1807.55,,,,
38.7062,1792.07,,,,
38.6563,1776.72,,,,
38.6063,1761.48,,,,
38.5564,1746.35,,,,
38.5064,1731.34,,,,
38.4565,1716.45,,,,
38.4066,1701.67,,,,
38.3566,1686.97,,,,
38.3067,1672.29,,,,
38.2567,1657.64,,,,
38.2068,1643.01,,,,
38.1568,1628.41,,,,
38.1069,1613.83,,,,
38.0569,1599.27,,,,
38.007,1584.74,,,,
37.9571,1570.23,,,,
37.9071,1555.75,,,,
37.8572,1541.29,,,,
37.8072,1526.85,,,,
37.7573,1512.44,,,,
37.7073,1498.05,,,,
37.6574,1483.69,,,,
37.6075,1469.34,,,,
37.5575,1455.03,,,,
37.5076,1440.73,,,,
37.4576,1426.46,,,,
37.4077,1412.21,,,,
37.3577,1397.99,,,,
37.3078,1383.79,,,,
37.2579,1369.61,,,,
37.2079,1355.46,,,,
37.158,1341.33,,,,
37.108,1327.22,,,,
37.0581,1313.13,,,,
37.0081,1299.07,,,,
36.9582,1285.03,,,,
36.9082,1271.02,,,,
36.8583,1257.03,,,,
36.8084,1243.06,,,,
36.7584,1229.11,,,,
36.7085,1215.18,,,,
36.6585,1201.28,,,,
36.6086,1187.4,,,,
36.5586,1173.55,,,,
36.5087,1159.71,,,,
36.4588,1145.9,,,,
36.4088,1132.11,,,,
36.3589,1118.34,,,,
36.3089,1104.6,,,,
36.259,1090.88,,,,
36.209,1077.18,,,,
36.1591,1063.5,,,,
36.1092,1049.84,,,,
36.0592,1036.21,,,,
36.0093,1022.6,,,,
35.9593,1009.01,,,,
35.9094,995.443,,,,
35.8594,981.897,,,,
35.8095,968.374,,,,
35.7595,954.873,,,,
35.7096,941.393,,,,
35.6597,927.935,,,,
35.6097,914.499,,,,
35.5598,901.085,,,,
35.5098,887.693,,,,
35.4599,874.322,,,,
35.4099,860.972,,,,
35.36,847.644,,,,
35.3101,834.338,,,,
35.2601,821.054,,,,
35.2102,807.79,,,,
35.1602,794.548,,,,
35.1103,781.328,,,,
35.0603,768.129,,,,
35.0104,754.951,,,,
34.9605,741.794,,,,
34.9105,728.659,,,,
34.8606,715.545,,,,
34.8106,702.452,,,,
34.7607,689.38,,,,
34.7107,676.33,,,,
34.6608,663.3,,,,
34.6108,650.292,,,,
34.5609,637.304,,,,
34.511,624.338,,,,
34.461,611.393,,,,
34.4111,598.468,,,,
34.3611,585.564,,,,
34.3112,572.682,,,,
34.2612,559.82,,,,
34.2113,546.979,,,,
34.1614,534.159,,,,
34.1114,521.36,,,,
34.0615,508.582,,,,
34.0115,495.824,,,,
33.9616,483.087,,,,
33.9116,470.371,,,,
33.8617,457.676,,,,
33.8118,445.002,,,,
33.7618,432.348,,,,
33.7119,419.715,,,,
33.6619,407.103,,,,
33.612,394.511,,,,
33.562,381.94,,,,
33.5121,369.39,,,,
33.4621,356.861,,,,
33.4122,344.353,,,,
33.3623,331.865,,,,
33.3123,319.398,,,,
33.2624,306.952,,,,
33.2124,294.527,,,,
33.1625,282.123,,,,
33.1125,269.74,,,,
33.0626,257.378,,,,
33.0127,245.037,,,,
32.9627,232.718,,,,
32.9128,220.419,,,,
32.8628,208.142,,,,
32.8129,195.887,,,,
32.7629,183.653,,,,
32.713,171.441,,,,
32.6631,159.251,,,,
32.6131,147.084,,,,
32.5632,134.939,,,,
32.5132,122.817,,,,
32.4633,110.718,,,,
32.4133,98.6436,,,,
32.3634,86.5934,,,,
32.3134,74.5686,,,,
32.2635,62.5704,,,,
32.2136,50.6003,,,,
32.1636,38.6608,,,,
32.1137,26.7558,,,,
32.0637,14.8931,,,,
32.0138,3.09663,,,,
